{
	"钉钉": {
		"type": "image",
		"container": [{
			"icon": "<img class=\"biaoqing\" src=\"http://www.cctv3.net/Facebook/Alibaba/1@Alibaba.png\" />",
			"data": "::(1@Alibaba)",
			"text": "1@Alibaba"
		}, {
			"icon": "<img class=\"biaoqing\" src=\"http://www.cctv3.net/Facebook/Alibaba/2@Alibaba.png\" />",
			"data": "::(2@Alibaba)",
			"text": "2@Alibaba"
		}, {
			"icon": "<img class=\"biaoqing\" src=\"http://www.cctv3.net/Facebook/Alibaba/3@Alibaba.png\" />",
			"data": "::(3@Alibaba)",
			"text": "3@Alibaba"
		}, {
			"icon": "<img class=\"biaoqing\" src=\"http://www.cctv3.net/Facebook/Alibaba/4@Alibaba.png\" />",
			"data": "::(4@Alibaba)",
			"text": "4@Alibaba"
		}, {
			"icon": "<img class=\"biaoqing\" src=\"http://www.cctv3.net/Facebook/Alibaba/5@Alibaba.png\" />",
			"data": "::(5@Alibaba)",
			"text": "5@Alibaba"
		}, {
			"icon": "<img class=\"biaoqing\" src=\"http://www.cctv3.net/Facebook/Alibaba/6@Alibaba.png\" />",
			"data": "::(6@Alibaba)",
			"text": "6@Alibaba"
		}, {
			"icon": "<img class=\"biaoqing\" src=\"http://www.cctv3.net/Facebook/Alibaba/7@Alibaba.png\" />",
			"data": "::(7@Alibaba)",
			"text": "7@Alibaba"
		}, {
			"icon": "<img class=\"biaoqing\" src=\"http://www.cctv3.net/Facebook/Alibaba/8@Alibaba.png\" />",
			"data": "::(8@Alibaba)",
			"text": "8@Alibaba"
		}, {
			"icon": "<img class=\"biaoqing\" src=\"http://www.cctv3.net/Facebook/Alibaba/9@Alibaba.png\" />",
			"data": "::(9@Alibaba)",
			"text": "9@Alibaba"
		}, {
			"icon": "<img class=\"biaoqing\" src=\"http://www.cctv3.net/Facebook/Alibaba/10@Alibaba.png\" />",
			"data": "::(10@Alibaba)",
			"text": "10@Alibaba"
		}, {
			"icon": "<img class=\"biaoqing\" src=\"http://www.cctv3.net/Facebook/Alibaba/11@Alibaba.png\" />",
			"data": "::(11@Alibaba)",
			"text": "11@Alibaba"
		}, {
			"icon": "<img class=\"biaoqing\" src=\"http://www.cctv3.net/Facebook/Alibaba/12@Alibaba.png\" />",
			"data": "::(12@Alibaba)",
			"text": "12@Alibaba"
		}, {
			"icon": "<img class=\"biaoqing\" src=\"http://www.cctv3.net/Facebook/Alibaba/13@Alibaba.png\" />",
			"data": "::(13@Alibaba)",
			"text": "13@Alibaba"
		}, {
			"icon": "<img class=\"biaoqing\" src=\"http://www.cctv3.net/Facebook/Alibaba/14@Alibaba.png\" />",
			"data": "::(14@Alibaba)",
			"text": "14@Alibaba"
		}, {
			"icon": "<img class=\"biaoqing\" src=\"http://www.cctv3.net/Facebook/Alibaba/15@Alibaba.png\" />",
			"data": "::(15@Alibaba)",
			"text": "15@Alibaba"
		}, {
			"icon": "<img class=\"biaoqing\" src=\"http://www.cctv3.net/Facebook/Alibaba/16@Alibaba.png\" />",
			"data": "::(16@Alibaba)",
			"text": "16@Alibaba"
		}, {
			"icon": "<img class=\"biaoqing\" src=\"http://www.cctv3.net/Facebook/Alibaba/17@Alibaba.png\" />",
			"data": "::(17@Alibaba)",
			"text": "17@Alibaba"
		}, {
			"icon": "<img class=\"biaoqing\" src=\"http://www.cctv3.net/Facebook/Alibaba/18@Alibaba.png\" />",
			"data": "::(18@Alibaba)",
			"text": "18@Alibaba"
		}, {
			"icon": "<img class=\"biaoqing\" src=\"http://www.cctv3.net/Facebook/Alibaba/19@Alibaba.png\" />",
			"data": "::(19@Alibaba)",
			"text": "19@Alibaba"
		}, {
			"icon": "<img class=\"biaoqing\" src=\"http://www.cctv3.net/Facebook/Alibaba/20@Alibaba.png\" />",
			"data": "::(20@Alibaba)",
			"text": "20@Alibaba"
		}, {
			"icon": "<img class=\"biaoqing\" src=\"http://www.cctv3.net/Facebook/Alibaba/21@Alibaba.png\" />",
			"data": "::(21@Alibaba)",
			"text": "21@Alibaba"
		}, {
			"icon": "<img class=\"biaoqing\" src=\"http://www.cctv3.net/Facebook/Alibaba/22@Alibaba.png\" />",
			"data": "::(22@Alibaba)",
			"text": "22@Alibaba"
		}, {
			"icon": "<img class=\"biaoqing\" src=\"http://www.cctv3.net/Facebook/Alibaba/23@Alibaba.png\" />",
			"data": "::(23@Alibaba)",
			"text": "23@Alibaba"
		}, {
			"icon": "<img class=\"biaoqing\" src=\"http://www.cctv3.net/Facebook/Alibaba/24@Alibaba.png\" />",
			"data": "::(24@Alibaba)",
			"text": "24@Alibaba"
		}, {
			"icon": "<img class=\"biaoqing\" src=\"http://www.cctv3.net/Facebook/Alibaba/25@Alibaba.png\" />",
			"data": "::(25@Alibaba)",
			"text": "25@Alibaba"
		}, {
			"icon": "<img class=\"biaoqing\" src=\"http://www.cctv3.net/Facebook/Alibaba/26@Alibaba.png\" />",
			"data": "::(26@Alibaba)",
			"text": "26@Alibaba"
		}, {
			"icon": "<img class=\"biaoqing\" src=\"http://www.cctv3.net/Facebook/Alibaba/27@Alibaba.png\" />",
			"data": "::(27@Alibaba)",
			"text": "27@Alibaba"
		}, {
			"icon": "<img class=\"biaoqing\" src=\"http://www.cctv3.net/Facebook/Alibaba/28@Alibaba.png\" />",
			"data": "::(28@Alibaba)",
			"text": "28@Alibaba"
		}, {
			"icon": "<img class=\"biaoqing\" src=\"http://www.cctv3.net/Facebook/Alibaba/29@Alibaba.png\" />",
			"data": "::(29@Alibaba)",
			"text": "29@Alibaba"
		}, {
			"icon": "<img class=\"biaoqing\" src=\"http://www.cctv3.net/Facebook/Alibaba/30@Alibaba.png\" />",
			"data": "::(30@Alibaba)",
			"text": "30@Alibaba"
		}, {
			"icon": "<img class=\"biaoqing\" src=\"http://www.cctv3.net/Facebook/Alibaba/31@Alibaba.png\" />",
			"data": "::(31@Alibaba)",
			"text": "31@Alibaba"
		}, {
			"icon": "<img class=\"biaoqing\" src=\"http://www.cctv3.net/Facebook/Alibaba/32@Alibaba.png\" />",
			"data": "::(32@Alibaba)",
			"text": "32@Alibaba"
		}, {
			"icon": "<img class=\"biaoqing\" src=\"http://www.cctv3.net/Facebook/Alibaba/33@Alibaba.png\" />",
			"data": "::(33@Alibaba)",
			"text": "33@Alibaba"
		}, {
			"icon": "<img class=\"biaoqing\" src=\"http://www.cctv3.net/Facebook/Alibaba/34@Alibaba.png\" />",
			"data": "::(34@Alibaba)",
			"text": "34@Alibaba"
		}, {
			"icon": "<img class=\"biaoqing\" src=\"http://www.cctv3.net/Facebook/Alibaba/35@Alibaba.png\" />",
			"data": "::(35@Alibaba)",
			"text": "35@Alibaba"
		}, {
			"icon": "<img class=\"biaoqing\" src=\"http://www.cctv3.net/Facebook/Alibaba/36@Alibaba.png\" />",
			"data": "::(36@Alibaba)",
			"text": "36@Alibaba"
		}, {
			"icon": "<img class=\"biaoqing\" src=\"http://www.cctv3.net/Facebook/Alibaba/37@Alibaba.png\" />",
			"data": "::(37@Alibaba)",
			"text": "37@Alibaba"
		}, {
			"icon": "<img class=\"biaoqing\" src=\"http://www.cctv3.net/Facebook/Alibaba/38@Alibaba.png\" />",
			"data": "::(38@Alibaba)",
			"text": "38@Alibaba"
		}, {
			"icon": "<img class=\"biaoqing\" src=\"http://www.cctv3.net/Facebook/Alibaba/39@Alibaba.png\" />",
			"data": "::(39@Alibaba)",
			"text": "39@Alibaba"
		}, {
			"icon": "<img class=\"biaoqing\" src=\"http://www.cctv3.net/Facebook/Alibaba/40@Alibaba.png\" />",
			"data": "::(40@Alibaba)",
			"text": "40@Alibaba"
		}, {
			"icon": "<img class=\"biaoqing\" src=\"http://www.cctv3.net/Facebook/Alibaba/41@Alibaba.png\" />",
			"data": "::(41@Alibaba)",
			"text": "41@Alibaba"
		}, {
			"icon": "<img class=\"biaoqing\" src=\"http://www.cctv3.net/Facebook/Alibaba/42@Alibaba.png\" />",
			"data": "::(42@Alibaba)",
			"text": "42@Alibaba"
		}, {
			"icon": "<img class=\"biaoqing\" src=\"http://www.cctv3.net/Facebook/Alibaba/43@Alibaba.png\" />",
			"data": "::(43@Alibaba)",
			"text": "43@Alibaba"
		}, {
			"icon": "<img class=\"biaoqing\" src=\"http://www.cctv3.net/Facebook/Alibaba/44@Alibaba.png\" />",
			"data": "::(44@Alibaba)",
			"text": "44@Alibaba"
		}, {
			"icon": "<img class=\"biaoqing\" src=\"http://www.cctv3.net/Facebook/Alibaba/45@Alibaba.png\" />",
			"data": "::(45@Alibaba)",
			"text": "45@Alibaba"
		}, {
			"icon": "<img class=\"biaoqing\" src=\"http://www.cctv3.net/Facebook/Alibaba/46@Alibaba.png\" />",
			"data": "::(46@Alibaba)",
			"text": "46@Alibaba"
		}, {
			"icon": "<img class=\"biaoqing\" src=\"http://www.cctv3.net/Facebook/Alibaba/47@Alibaba.png\" />",
			"data": "::(47@Alibaba)",
			"text": "47@Alibaba"
		}, {
			"icon": "<img class=\"biaoqing\" src=\"http://www.cctv3.net/Facebook/Alibaba/48@Alibaba.png\" />",
			"data": "::(48@Alibaba)",
			"text": "48@Alibaba"
		}, {
			"icon": "<img class=\"biaoqing\" src=\"http://www.cctv3.net/Facebook/Alibaba/49@Alibaba.png\" />",
			"data": "::(49@Alibaba)",
			"text": "49@Alibaba"
		}, {
			"icon": "<img class=\"biaoqing\" src=\"http://www.cctv3.net/Facebook/Alibaba/50@Alibaba.png\" />",
			"data": "::(50@Alibaba)",
			"text": "50@Alibaba"
		}, {
			"icon": "<img class=\"biaoqing\" src=\"http://www.cctv3.net/Facebook/Alibaba/51@Alibaba.png\" />",
			"data": "::(51@Alibaba)",
			"text": "51@Alibaba"
		}, {
			"icon": "<img class=\"biaoqing\" src=\"http://www.cctv3.net/Facebook/Alibaba/52@Alibaba.png\" />",
			"data": "::(52@Alibaba)",
			"text": "52@Alibaba"
		}, {
			"icon": "<img class=\"biaoqing\" src=\"http://www.cctv3.net/Facebook/Alibaba/53@Alibaba.png\" />",
			"data": "::(53@Alibaba)",
			"text": "53@Alibaba"
		}, {
			"icon": "<img class=\"biaoqing\" src=\"http://www.cctv3.net/Facebook/Alibaba/54@Alibaba.png\" />",
			"data": "::(54@Alibaba)",
			"text": "54@Alibaba"
		}, {
			"icon": "<img class=\"biaoqing\" src=\"http://www.cctv3.net/Facebook/Alibaba/55@Alibaba.png\" />",
			"data": "::(55@Alibaba)",
			"text": "55@Alibaba"
		}, {
			"icon": "<img class=\"biaoqing\" src=\"http://www.cctv3.net/Facebook/Alibaba/56@Alibaba.png\" />",
			"data": "::(56@Alibaba)",
			"text": "56@Alibaba"
		}, {
			"icon": "<img class=\"biaoqing\" src=\"http://www.cctv3.net/Facebook/Alibaba/57@Alibaba.png\" />",
			"data": "::(57@Alibaba)",
			"text": "57@Alibaba"
		}, {
			"icon": "<img class=\"biaoqing\" src=\"http://www.cctv3.net/Facebook/Alibaba/58@Alibaba.png\" />",
			"data": "::(58@Alibaba)",
			"text": "58@Alibaba"
		}, {
			"icon": "<img class=\"biaoqing\" src=\"http://www.cctv3.net/Facebook/Alibaba/59@Alibaba.png\" />",
			"data": "::(59@Alibaba)",
			"text": "59@Alibaba"
		}, {
			"icon": "<img class=\"biaoqing\" src=\"http://www.cctv3.net/Facebook/Alibaba/60@Alibaba.png\" />",
			"data": "::(60@Alibaba)",
			"text": "60@Alibaba"
		}, {
			"icon": "<img class=\"biaoqing\" src=\"http://www.cctv3.net/Facebook/Alibaba/61@Alibaba.png\" />",
			"data": "::(61@Alibaba)",
			"text": "61@Alibaba"
		}, {
			"icon": "<img class=\"biaoqing\" src=\"http://www.cctv3.net/Facebook/Alibaba/62@Alibaba.png\" />",
			"data": "::(62@Alibaba)",
			"text": "62@Alibaba"
		}, {
			"icon": "<img class=\"biaoqing\" src=\"http://www.cctv3.net/Facebook/Alibaba/63@Alibaba.png\" />",
			"data": "::(63@Alibaba)",
			"text": "63@Alibaba"
		}, {
			"icon": "<img class=\"biaoqing\" src=\"http://www.cctv3.net/Facebook/Alibaba/64@Alibaba.png\" />",
			"data": "::(64@Alibaba)",
			"text": "64@Alibaba"
		}, {
			"icon": "<img class=\"biaoqing\" src=\"http://www.cctv3.net/Facebook/Alibaba/65@Alibaba.png\" />",
			"data": "::(65@Alibaba)",
			"text": "65@Alibaba"
		}, {
			"icon": "<img class=\"biaoqing\" src=\"http://www.cctv3.net/Facebook/Alibaba/66@Alibaba.png\" />",
			"data": "::(66@Alibaba)",
			"text": "66@Alibaba"
		}, {
			"icon": "<img class=\"biaoqing\" src=\"http://www.cctv3.net/Facebook/Alibaba/67@Alibaba.png\" />",
			"data": "::(67@Alibaba)",
			"text": "67@Alibaba"
		}, {
			"icon": "<img class=\"biaoqing\" src=\"http://www.cctv3.net/Facebook/Alibaba/68@Alibaba.png\" />",
			"data": "::(68@Alibaba)",
			"text": "68@Alibaba"
		}, {
			"icon": "<img class=\"biaoqing\" src=\"http://www.cctv3.net/Facebook/Alibaba/69@Alibaba.png\" />",
			"data": "::(69@Alibaba)",
			"text": "69@Alibaba"
		}, {
			"icon": "<img class=\"biaoqing\" src=\"http://www.cctv3.net/Facebook/Alibaba/70@Alibaba.png\" />",
			"data": "::(70@Alibaba)",
			"text": "70@Alibaba"
		}, {
			"icon": "<img class=\"biaoqing\" src=\"http://www.cctv3.net/Facebook/Alibaba/71@Alibaba.png\" />",
			"data": "::(71@Alibaba)",
			"text": "71@Alibaba"
		}, {
			"icon": "<img class=\"biaoqing\" src=\"http://www.cctv3.net/Facebook/Alibaba/72@Alibaba.png\" />",
			"data": "::(72@Alibaba)",
			"text": "72@Alibaba"
		}, {
			"icon": "<img class=\"biaoqing\" src=\"http://www.cctv3.net/Facebook/Alibaba/73@Alibaba.png\" />",
			"data": "::(73@Alibaba)",
			"text": "73@Alibaba"
		}, {
			"icon": "<img class=\"biaoqing\" src=\"http://www.cctv3.net/Facebook/Alibaba/74@Alibaba.png\" />",
			"data": "::(74@Alibaba)",
			"text": "74@Alibaba"
		}, {
			"icon": "<img class=\"biaoqing\" src=\"http://www.cctv3.net/Facebook/Alibaba/75@Alibaba.png\" />",
			"data": "::(75@Alibaba)",
			"text": "75@Alibaba"
		}, {
			"icon": "<img class=\"biaoqing\" src=\"http://www.cctv3.net/Facebook/Alibaba/76@Alibaba.png\" />",
			"data": "::(76@Alibaba)",
			"text": "76@Alibaba"
		}, {
			"icon": "<img class=\"biaoqing\" src=\"http://www.cctv3.net/Facebook/Alibaba/77@Alibaba.png\" />",
			"data": "::(77@Alibaba)",
			"text": "77@Alibaba"
		}, {
			"icon": "<img class=\"biaoqing\" src=\"http://www.cctv3.net/Facebook/Alibaba/78@Alibaba.png\" />",
			"data": "::(78@Alibaba)",
			"text": "78@Alibaba"
		}, {
			"icon": "<img class=\"biaoqing\" src=\"http://www.cctv3.net/Facebook/Alibaba/79@Alibaba.png\" />",
			"data": "::(79@Alibaba)",
			"text": "79@Alibaba"
		}, {
			"icon": "<img class=\"biaoqing\" src=\"http://www.cctv3.net/Facebook/Alibaba/80@Alibaba.png\" />",
			"data": "::(80@Alibaba)",
			"text": "80@Alibaba"
		}, {
			"icon": "<img class=\"biaoqing\" src=\"http://www.cctv3.net/Facebook/Alibaba/81@Alibaba.png\" />",
			"data": "::(81@Alibaba)",
			"text": "81@Alibaba"
		}, {
			"icon": "<img class=\"biaoqing\" src=\"http://www.cctv3.net/Facebook/Alibaba/82@Alibaba.png\" />",
			"data": "::(82@Alibaba)",
			"text": "82@Alibaba"
		}, {
			"icon": "<img class=\"biaoqing\" src=\"http://www.cctv3.net/Facebook/Alibaba/83@Alibaba.png\" />",
			"data": "::(83@Alibaba)",
			"text": "83@Alibaba"
		}, {
			"icon": "<img class=\"biaoqing\" src=\"http://www.cctv3.net/Facebook/Alibaba/84@Alibaba.png\" />",
			"data": "::(84@Alibaba)",
			"text": "84@Alibaba"
		}, {
			"icon": "<img class=\"biaoqing\" src=\"http://www.cctv3.net/Facebook/Alibaba/85@Alibaba.png\" />",
			"data": "::(85@Alibaba)",
			"text": "85@Alibaba"
		}, {
			"icon": "<img class=\"biaoqing\" src=\"http://www.cctv3.net/Facebook/Alibaba/86@Alibaba.png\" />",
			"data": "::(86@Alibaba)",
			"text": "86@Alibaba"
		}, {
			"icon": "<img class=\"biaoqing\" src=\"http://www.cctv3.net/Facebook/Alibaba/87@Alibaba.png\" />",
			"data": "::(87@Alibaba)",
			"text": "87@Alibaba"
		}, {
			"icon": "<img class=\"biaoqing\" src=\"http://www.cctv3.net/Facebook/Alibaba/88@Alibaba.png\" />",
			"data": "::(88@Alibaba)",
			"text": "88@Alibaba"
		}, {
			"icon": "<img class=\"biaoqing\" src=\"http://www.cctv3.net/Facebook/Alibaba/89@Alibaba.png\" />",
			"data": "::(89@Alibaba)",
			"text": "89@Alibaba"
		}, {
			"icon": "<img class=\"biaoqing\" src=\"http://www.cctv3.net/Facebook/Alibaba/90@Alibaba.png\" />",
			"data": "::(90@Alibaba)",
			"text": "90@Alibaba"
		}, {
			"icon": "<img class=\"biaoqing\" src=\"http://www.cctv3.net/Facebook/Alibaba/91@Alibaba.png\" />",
			"data": "::(91@Alibaba)",
			"text": "91@Alibaba"
		}, {
			"icon": "<img class=\"biaoqing\" src=\"http://www.cctv3.net/Facebook/Alibaba/92@Alibaba.png\" />",
			"data": "::(92@Alibaba)",
			"text": "92@Alibaba"
		}, {
			"icon": "<img class=\"biaoqing\" src=\"http://www.cctv3.net/Facebook/Alibaba/93@Alibaba.png\" />",
			"data": "::(93@Alibaba)",
			"text": "93@Alibaba"
		}, {
			"icon": "<img class=\"biaoqing\" src=\"http://www.cctv3.net/Facebook/Alibaba/94@Alibaba.png\" />",
			"data": "::(94@Alibaba)",
			"text": "94@Alibaba"
		}, {
			"icon": "<img class=\"biaoqing\" src=\"http://www.cctv3.net/Facebook/Alibaba/95@Alibaba.png\" />",
			"data": "::(95@Alibaba)",
			"text": "95@Alibaba"
		}, {
			"icon": "<img class=\"biaoqing\" src=\"http://www.cctv3.net/Facebook/Alibaba/96@Alibaba.png\" />",
			"data": "::(96@Alibaba)",
			"text": "96@Alibaba"
		}, {
			"icon": "<img class=\"biaoqing\" src=\"http://www.cctv3.net/Facebook/Alibaba/97@Alibaba.png\" />",
			"data": "::(97@Alibaba)",
			"text": "97@Alibaba"
		}, {
			"icon": "<img class=\"biaoqing\" src=\"http://www.cctv3.net/Facebook/Alibaba/98@Alibaba.png\" />",
			"data": "::(98@Alibaba)",
			"text": "98@Alibaba"
		}, {
			"icon": "<img class=\"biaoqing\" src=\"http://www.cctv3.net/Facebook/Alibaba/99@Alibaba.png\" />",
			"data": "::(99@Alibaba)",
			"text": "99@Alibaba"
		}, {
			"icon": "<img class=\"biaoqing\" src=\"http://www.cctv3.net/Facebook/Alibaba/100@Alibaba.png\" />",
			"data": "::(100@Alibaba)",
			"text": "100@Alibaba"
		}, {
			"icon": "<img class=\"biaoqing\" src=\"http://www.cctv3.net/Facebook/Alibaba/101@Alibaba.png\" />",
			"data": "::(101@Alibaba)",
			"text": "101@Alibaba"
		}, {
			"icon": "<img class=\"biaoqing\" src=\"http://www.cctv3.net/Facebook/Alibaba/102@Alibaba.png\" />",
			"data": "::(102@Alibaba)",
			"text": "102@Alibaba"
		}, {
			"icon": "<img class=\"biaoqing\" src=\"http://www.cctv3.net/Facebook/Alibaba/103@Alibaba.png\" />",
			"data": "::(103@Alibaba)",
			"text": "103@Alibaba"
		}, {
			"icon": "<img class=\"biaoqing\" src=\"http://www.cctv3.net/Facebook/Alibaba/104@Alibaba.png\" />",
			"data": "::(104@Alibaba)",
			"text": "104@Alibaba"
		}, {
			"icon": "<img class=\"biaoqing\" src=\"http://www.cctv3.net/Facebook/Alibaba/105@Alibaba.png\" />",
			"data": "::(105@Alibaba)",
			"text": "105@Alibaba"
		}, {
			"icon": "<img class=\"biaoqing\" src=\"http://www.cctv3.net/Facebook/Alibaba/106@Alibaba.png\" />",
			"data": "::(106@Alibaba)",
			"text": "106@Alibaba"
		}, {
			"icon": "<img class=\"biaoqing\" src=\"http://www.cctv3.net/Facebook/Alibaba/107@Alibaba.png\" />",
			"data": "::(107@Alibaba)",
			"text": "107@Alibaba"
		}]
	},
	"百度": {
		"type": "image",
		"container": [{
			"icon": "<img class=\"biaoqing\" src=\"http://www.cctv3.net/Facebook/Baidu/1@Baidu.png\" />",
			"data": "::(1@Baidu)",
			"text": "1@Baidu"
		}, {
			"icon": "<img class=\"biaoqing\" src=\"http://www.cctv3.net/Facebook/Baidu/2@Baidu.png\" />",
			"data": "::(2@Baidu)",
			"text": "2@Baidu"
		}, {
			"icon": "<img class=\"biaoqing\" src=\"http://www.cctv3.net/Facebook/Baidu/3@Baidu.png\" />",
			"data": "::(3@Baidu)",
			"text": "3@Baidu"
		}, {
			"icon": "<img class=\"biaoqing\" src=\"http://www.cctv3.net/Facebook/Baidu/4@Baidu.png\" />",
			"data": "::(4@Baidu)",
			"text": "4@Baidu"
		}, {
			"icon": "<img class=\"biaoqing\" src=\"http://www.cctv3.net/Facebook/Baidu/5@Baidu.png\" />",
			"data": "::(5@Baidu)",
			"text": "5@Baidu"
		}, {
			"icon": "<img class=\"biaoqing\" src=\"http://www.cctv3.net/Facebook/Baidu/6@Baidu.png\" />",
			"data": "::(6@Baidu)",
			"text": "6@Baidu"
		}, {
			"icon": "<img class=\"biaoqing\" src=\"http://www.cctv3.net/Facebook/Baidu/7@Baidu.png\" />",
			"data": "::(7@Baidu)",
			"text": "7@Baidu"
		}, {
			"icon": "<img class=\"biaoqing\" src=\"http://www.cctv3.net/Facebook/Baidu/8@Baidu.png\" />",
			"data": "::(8@Baidu)",
			"text": "8@Baidu"
		}, {
			"icon": "<img class=\"biaoqing\" src=\"http://www.cctv3.net/Facebook/Baidu/9@Baidu.png\" />",
			"data": "::(9@Baidu)",
			"text": "9@Baidu"
		}, {
			"icon": "<img class=\"biaoqing\" src=\"http://www.cctv3.net/Facebook/Baidu/10@Baidu.png\" />",
			"data": "::(10@Baidu)",
			"text": "10@Baidu"
		}, {
			"icon": "<img class=\"biaoqing\" src=\"http://www.cctv3.net/Facebook/Baidu/11@Baidu.png\" />",
			"data": "::(11@Baidu)",
			"text": "11@Baidu"
		}, {
			"icon": "<img class=\"biaoqing\" src=\"http://www.cctv3.net/Facebook/Baidu/12@Baidu.png\" />",
			"data": "::(12@Baidu)",
			"text": "12@Baidu"
		}, {
			"icon": "<img class=\"biaoqing\" src=\"http://www.cctv3.net/Facebook/Baidu/13@Baidu.png\" />",
			"data": "::(13@Baidu)",
			"text": "13@Baidu"
		}, {
			"icon": "<img class=\"biaoqing\" src=\"http://www.cctv3.net/Facebook/Baidu/14@Baidu.png\" />",
			"data": "::(14@Baidu)",
			"text": "14@Baidu"
		}, {
			"icon": "<img class=\"biaoqing\" src=\"http://www.cctv3.net/Facebook/Baidu/15@Baidu.png\" />",
			"data": "::(15@Baidu)",
			"text": "15@Baidu"
		}, {
			"icon": "<img class=\"biaoqing\" src=\"http://www.cctv3.net/Facebook/Baidu/16@Baidu.png\" />",
			"data": "::(16@Baidu)",
			"text": "16@Baidu"
		}, {
			"icon": "<img class=\"biaoqing\" src=\"http://www.cctv3.net/Facebook/Baidu/17@Baidu.png\" />",
			"data": "::(17@Baidu)",
			"text": "17@Baidu"
		}, {
			"icon": "<img class=\"biaoqing\" src=\"http://www.cctv3.net/Facebook/Baidu/18@Baidu.png\" />",
			"data": "::(18@Baidu)",
			"text": "18@Baidu"
		}, {
			"icon": "<img class=\"biaoqing\" src=\"http://www.cctv3.net/Facebook/Baidu/19@Baidu.png\" />",
			"data": "::(19@Baidu)",
			"text": "19@Baidu"
		}, {
			"icon": "<img class=\"biaoqing\" src=\"http://www.cctv3.net/Facebook/Baidu/20@Baidu.png\" />",
			"data": "::(20@Baidu)",
			"text": "20@Baidu"
		}, {
			"icon": "<img class=\"biaoqing\" src=\"http://www.cctv3.net/Facebook/Baidu/21@Baidu.png\" />",
			"data": "::(21@Baidu)",
			"text": "21@Baidu"
		}, {
			"icon": "<img class=\"biaoqing\" src=\"http://www.cctv3.net/Facebook/Baidu/22@Baidu.png\" />",
			"data": "::(22@Baidu)",
			"text": "22@Baidu"
		}, {
			"icon": "<img class=\"biaoqing\" src=\"http://www.cctv3.net/Facebook/Baidu/23@Baidu.png\" />",
			"data": "::(23@Baidu)",
			"text": "23@Baidu"
		}, {
			"icon": "<img class=\"biaoqing\" src=\"http://www.cctv3.net/Facebook/Baidu/24@Baidu.png\" />",
			"data": "::(24@Baidu)",
			"text": "24@Baidu"
		}, {
			"icon": "<img class=\"biaoqing\" src=\"http://www.cctv3.net/Facebook/Baidu/25@Baidu.png\" />",
			"data": "::(25@Baidu)",
			"text": "25@Baidu"
		}, {
			"icon": "<img class=\"biaoqing\" src=\"http://www.cctv3.net/Facebook/Baidu/26@Baidu.png\" />",
			"data": "::(26@Baidu)",
			"text": "26@Baidu"
		}, {
			"icon": "<img class=\"biaoqing\" src=\"http://www.cctv3.net/Facebook/Baidu/27@Baidu.png\" />",
			"data": "::(27@Baidu)",
			"text": "27@Baidu"
		}, {
			"icon": "<img class=\"biaoqing\" src=\"http://www.cctv3.net/Facebook/Baidu/28@Baidu.png\" />",
			"data": "::(28@Baidu)",
			"text": "28@Baidu"
		}, {
			"icon": "<img class=\"biaoqing\" src=\"http://www.cctv3.net/Facebook/Baidu/29@Baidu.png\" />",
			"data": "::(29@Baidu)",
			"text": "29@Baidu"
		}, {
			"icon": "<img class=\"biaoqing\" src=\"http://www.cctv3.net/Facebook/Baidu/30@Baidu.png\" />",
			"data": "::(30@Baidu)",
			"text": "30@Baidu"
		}, {
			"icon": "<img class=\"biaoqing\" src=\"http://www.cctv3.net/Facebook/Baidu/31@Baidu.png\" />",
			"data": "::(31@Baidu)",
			"text": "31@Baidu"
		}, {
			"icon": "<img class=\"biaoqing\" src=\"http://www.cctv3.net/Facebook/Baidu/32@Baidu.png\" />",
			"data": "::(32@Baidu)",
			"text": "32@Baidu"
		}, {
			"icon": "<img class=\"biaoqing\" src=\"http://www.cctv3.net/Facebook/Baidu/33@Baidu.png\" />",
			"data": "::(33@Baidu)",
			"text": "33@Baidu"
		}, {
			"icon": "<img class=\"biaoqing\" src=\"http://www.cctv3.net/Facebook/Baidu/34@Baidu.png\" />",
			"data": "::(34@Baidu)",
			"text": "34@Baidu"
		}, {
			"icon": "<img class=\"biaoqing\" src=\"http://www.cctv3.net/Facebook/Baidu/35@Baidu.png\" />",
			"data": "::(35@Baidu)",
			"text": "35@Baidu"
		}, {
			"icon": "<img class=\"biaoqing\" src=\"http://www.cctv3.net/Facebook/Baidu/36@Baidu.png\" />",
			"data": "::(36@Baidu)",
			"text": "36@Baidu"
		}, {
			"icon": "<img class=\"biaoqing\" src=\"http://www.cctv3.net/Facebook/Baidu/37@Baidu.png\" />",
			"data": "::(37@Baidu)",
			"text": "37@Baidu"
		}, {
			"icon": "<img class=\"biaoqing\" src=\"http://www.cctv3.net/Facebook/Baidu/38@Baidu.png\" />",
			"data": "::(38@Baidu)",
			"text": "38@Baidu"
		}, {
			"icon": "<img class=\"biaoqing\" src=\"http://www.cctv3.net/Facebook/Baidu/39@Baidu.png\" />",
			"data": "::(39@Baidu)",
			"text": "39@Baidu"
		}, {
			"icon": "<img class=\"biaoqing\" src=\"http://www.cctv3.net/Facebook/Baidu/40@Baidu.png\" />",
			"data": "::(40@Baidu)",
			"text": "40@Baidu"
		}, {
			"icon": "<img class=\"biaoqing\" src=\"http://www.cctv3.net/Facebook/Baidu/41@Baidu.png\" />",
			"data": "::(41@Baidu)",
			"text": "41@Baidu"
		}, {
			"icon": "<img class=\"biaoqing\" src=\"http://www.cctv3.net/Facebook/Baidu/42@Baidu.png\" />",
			"data": "::(42@Baidu)",
			"text": "42@Baidu"
		}, {
			"icon": "<img class=\"biaoqing\" src=\"http://www.cctv3.net/Facebook/Baidu/43@Baidu.png\" />",
			"data": "::(43@Baidu)",
			"text": "43@Baidu"
		}, {
			"icon": "<img class=\"biaoqing\" src=\"http://www.cctv3.net/Facebook/Baidu/44@Baidu.png\" />",
			"data": "::(44@Baidu)",
			"text": "44@Baidu"
		}, {
			"icon": "<img class=\"biaoqing\" src=\"http://www.cctv3.net/Facebook/Baidu/45@Baidu.png\" />",
			"data": "::(45@Baidu)",
			"text": "45@Baidu"
		}, {
			"icon": "<img class=\"biaoqing\" src=\"http://www.cctv3.net/Facebook/Baidu/46@Baidu.png\" />",
			"data": "::(46@Baidu)",
			"text": "46@Baidu"
		}, {
			"icon": "<img class=\"biaoqing\" src=\"http://www.cctv3.net/Facebook/Baidu/47@Baidu.png\" />",
			"data": "::(47@Baidu)",
			"text": "47@Baidu"
		}, {
			"icon": "<img class=\"biaoqing\" src=\"http://www.cctv3.net/Facebook/Baidu/48@Baidu.png\" />",
			"data": "::(48@Baidu)",
			"text": "48@Baidu"
		}, {
			"icon": "<img class=\"biaoqing\" src=\"http://www.cctv3.net/Facebook/Baidu/49@Baidu.png\" />",
			"data": "::(49@Baidu)",
			"text": "49@Baidu"
		}, {
			"icon": "<img class=\"biaoqing\" src=\"http://www.cctv3.net/Facebook/Baidu/50@Baidu.png\" />",
			"data": "::(50@Baidu)",
			"text": "50@Baidu"
		}]
	},
	"鹅厂": {
		"type": "image",
		"container": [{
			"icon": "<img class=\"biaoqing\" src=\"http://www.cctv3.net/Facebook/QQ/1@QQ.png\" />",
			"data": "::(1@QQ)",
			"text": "1@QQ"
		}, {
			"icon": "<img class=\"biaoqing\" src=\"http://www.cctv3.net/Facebook/QQ/2@QQ.png\" />",
			"data": "::(2@QQ)",
			"text": "2@QQ"
		}, {
			"icon": "<img class=\"biaoqing\" src=\"http://www.cctv3.net/Facebook/QQ/3@QQ.png\" />",
			"data": "::(3@QQ)",
			"text": "3@QQ"
		}, {
			"icon": "<img class=\"biaoqing\" src=\"http://www.cctv3.net/Facebook/QQ/4@QQ.png\" />",
			"data": "::(4@QQ)",
			"text": "4@QQ"
		}, {
			"icon": "<img class=\"biaoqing\" src=\"http://www.cctv3.net/Facebook/QQ/5@QQ.png\" />",
			"data": "::(5@QQ)",
			"text": "5@QQ"
		}, {
			"icon": "<img class=\"biaoqing\" src=\"http://www.cctv3.net/Facebook/QQ/6@QQ.png\" />",
			"data": "::(6@QQ)",
			"text": "6@QQ"
		}, {
			"icon": "<img class=\"biaoqing\" src=\"http://www.cctv3.net/Facebook/QQ/7@QQ.png\" />",
			"data": "::(7@QQ)",
			"text": "7@QQ"
		}, {
			"icon": "<img class=\"biaoqing\" src=\"http://www.cctv3.net/Facebook/QQ/8@QQ.png\" />",
			"data": "::(8@QQ)",
			"text": "8@QQ"
		}, {
			"icon": "<img class=\"biaoqing\" src=\"http://www.cctv3.net/Facebook/QQ/9@QQ.png\" />",
			"data": "::(9@QQ)",
			"text": "9@QQ"
		}, {
			"icon": "<img class=\"biaoqing\" src=\"http://www.cctv3.net/Facebook/QQ/10@QQ.png\" />",
			"data": "::(10@QQ)",
			"text": "10@QQ"
		}, {
			"icon": "<img class=\"biaoqing\" src=\"http://www.cctv3.net/Facebook/QQ/11@QQ.png\" />",
			"data": "::(11@QQ)",
			"text": "11@QQ"
		}, {
			"icon": "<img class=\"biaoqing\" src=\"http://www.cctv3.net/Facebook/QQ/12@QQ.png\" />",
			"data": "::(12@QQ)",
			"text": "12@QQ"
		}, {
			"icon": "<img class=\"biaoqing\" src=\"http://www.cctv3.net/Facebook/QQ/13@QQ.png\" />",
			"data": "::(13@QQ)",
			"text": "13@QQ"
		}, {
			"icon": "<img class=\"biaoqing\" src=\"http://www.cctv3.net/Facebook/QQ/14@QQ.png\" />",
			"data": "::(14@QQ)",
			"text": "14@QQ"
		}, {
			"icon": "<img class=\"biaoqing\" src=\"http://www.cctv3.net/Facebook/QQ/15@QQ.png\" />",
			"data": "::(15@QQ)",
			"text": "15@QQ"
		}, {
			"icon": "<img class=\"biaoqing\" src=\"http://www.cctv3.net/Facebook/QQ/16@QQ.png\" />",
			"data": "::(16@QQ)",
			"text": "16@QQ"
		}, {
			"icon": "<img class=\"biaoqing\" src=\"http://www.cctv3.net/Facebook/QQ/17@QQ.png\" />",
			"data": "::(17@QQ)",
			"text": "17@QQ"
		}, {
			"icon": "<img class=\"biaoqing\" src=\"http://www.cctv3.net/Facebook/QQ/18@QQ.png\" />",
			"data": "::(18@QQ)",
			"text": "18@QQ"
		}, {
			"icon": "<img class=\"biaoqing\" src=\"http://www.cctv3.net/Facebook/QQ/19@QQ.png\" />",
			"data": "::(19@QQ)",
			"text": "19@QQ"
		}, {
			"icon": "<img class=\"biaoqing\" src=\"http://www.cctv3.net/Facebook/QQ/20@QQ.png\" />",
			"data": "::(20@QQ)",
			"text": "20@QQ"
		}, {
			"icon": "<img class=\"biaoqing\" src=\"http://www.cctv3.net/Facebook/QQ/21@QQ.png\" />",
			"data": "::(21@QQ)",
			"text": "21@QQ"
		}, {
			"icon": "<img class=\"biaoqing\" src=\"http://www.cctv3.net/Facebook/QQ/22@QQ.png\" />",
			"data": "::(22@QQ)",
			"text": "22@QQ"
		}, {
			"icon": "<img class=\"biaoqing\" src=\"http://www.cctv3.net/Facebook/QQ/23@QQ.png\" />",
			"data": "::(23@QQ)",
			"text": "23@QQ"
		}, {
			"icon": "<img class=\"biaoqing\" src=\"http://www.cctv3.net/Facebook/QQ/24@QQ.png\" />",
			"data": "::(24@QQ)",
			"text": "24@QQ"
		}, {
			"icon": "<img class=\"biaoqing\" src=\"http://www.cctv3.net/Facebook/QQ/25@QQ.png\" />",
			"data": "::(25@QQ)",
			"text": "25@QQ"
		}, {
			"icon": "<img class=\"biaoqing\" src=\"http://www.cctv3.net/Facebook/QQ/26@QQ.png\" />",
			"data": "::(26@QQ)",
			"text": "26@QQ"
		}, {
			"icon": "<img class=\"biaoqing\" src=\"http://www.cctv3.net/Facebook/QQ/27@QQ.png\" />",
			"data": "::(27@QQ)",
			"text": "27@QQ"
		}, {
			"icon": "<img class=\"biaoqing\" src=\"http://www.cctv3.net/Facebook/QQ/28@QQ.png\" />",
			"data": "::(28@QQ)",
			"text": "28@QQ"
		}, {
			"icon": "<img class=\"biaoqing\" src=\"http://www.cctv3.net/Facebook/QQ/29@QQ.png\" />",
			"data": "::(29@QQ)",
			"text": "29@QQ"
		}, {
			"icon": "<img class=\"biaoqing\" src=\"http://www.cctv3.net/Facebook/QQ/30@QQ.png\" />",
			"data": "::(30@QQ)",
			"text": "30@QQ"
		}, {
			"icon": "<img class=\"biaoqing\" src=\"http://www.cctv3.net/Facebook/QQ/31@QQ.png\" />",
			"data": "::(31@QQ)",
			"text": "31@QQ"
		}, {
			"icon": "<img class=\"biaoqing\" src=\"http://www.cctv3.net/Facebook/QQ/32@QQ.png\" />",
			"data": "::(32@QQ)",
			"text": "32@QQ"
		}, {
			"icon": "<img class=\"biaoqing\" src=\"http://www.cctv3.net/Facebook/QQ/33@QQ.png\" />",
			"data": "::(33@QQ)",
			"text": "33@QQ"
		}, {
			"icon": "<img class=\"biaoqing\" src=\"http://www.cctv3.net/Facebook/QQ/34@QQ.png\" />",
			"data": "::(34@QQ)",
			"text": "34@QQ"
		}, {
			"icon": "<img class=\"biaoqing\" src=\"http://www.cctv3.net/Facebook/QQ/35@QQ.png\" />",
			"data": "::(35@QQ)",
			"text": "35@QQ"
		}, {
			"icon": "<img class=\"biaoqing\" src=\"http://www.cctv3.net/Facebook/QQ/36@QQ.png\" />",
			"data": "::(36@QQ)",
			"text": "36@QQ"
		}, {
			"icon": "<img class=\"biaoqing\" src=\"http://www.cctv3.net/Facebook/QQ/37@QQ.png\" />",
			"data": "::(37@QQ)",
			"text": "37@QQ"
		}, {
			"icon": "<img class=\"biaoqing\" src=\"http://www.cctv3.net/Facebook/QQ/38@QQ.png\" />",
			"data": "::(38@QQ)",
			"text": "38@QQ"
		}, {
			"icon": "<img class=\"biaoqing\" src=\"http://www.cctv3.net/Facebook/QQ/39@QQ.png\" />",
			"data": "::(39@QQ)",
			"text": "39@QQ"
		}, {
			"icon": "<img class=\"biaoqing\" src=\"http://www.cctv3.net/Facebook/QQ/40@QQ.png\" />",
			"data": "::(40@QQ)",
			"text": "40@QQ"
		}, {
			"icon": "<img class=\"biaoqing\" src=\"http://www.cctv3.net/Facebook/QQ/41@QQ.png\" />",
			"data": "::(41@QQ)",
			"text": "41@QQ"
		}, {
			"icon": "<img class=\"biaoqing\" src=\"http://www.cctv3.net/Facebook/QQ/42@QQ.png\" />",
			"data": "::(42@QQ)",
			"text": "42@QQ"
		}, {
			"icon": "<img class=\"biaoqing\" src=\"http://www.cctv3.net/Facebook/QQ/43@QQ.png\" />",
			"data": "::(43@QQ)",
			"text": "43@QQ"
		}, {
			"icon": "<img class=\"biaoqing\" src=\"http://www.cctv3.net/Facebook/QQ/44@QQ.png\" />",
			"data": "::(44@QQ)",
			"text": "44@QQ"
		}, {
			"icon": "<img class=\"biaoqing\" src=\"http://www.cctv3.net/Facebook/QQ/45@QQ.png\" />",
			"data": "::(45@QQ)",
			"text": "45@QQ"
		}, {
			"icon": "<img class=\"biaoqing\" src=\"http://www.cctv3.net/Facebook/QQ/46@QQ.png\" />",
			"data": "::(46@QQ)",
			"text": "46@QQ"
		}, {
			"icon": "<img class=\"biaoqing\" src=\"http://www.cctv3.net/Facebook/QQ/47@QQ.png\" />",
			"data": "::(47@QQ)",
			"text": "47@QQ"
		}, {
			"icon": "<img class=\"biaoqing\" src=\"http://www.cctv3.net/Facebook/QQ/48@QQ.png\" />",
			"data": "::(48@QQ)",
			"text": "48@QQ"
		}, {
			"icon": "<img class=\"biaoqing\" src=\"http://www.cctv3.net/Facebook/QQ/49@QQ.png\" />",
			"data": "::(49@QQ)",
			"text": "49@QQ"
		}, {
			"icon": "<img class=\"biaoqing\" src=\"http://www.cctv3.net/Facebook/QQ/50@QQ.png\" />",
			"data": "::(50@QQ)",
			"text": "50@QQ"
		}, {
			"icon": "<img class=\"biaoqing\" src=\"http://www.cctv3.net/Facebook/QQ/51@QQ.png\" />",
			"data": "::(51@QQ)",
			"text": "51@QQ"
		}, {
			"icon": "<img class=\"biaoqing\" src=\"http://www.cctv3.net/Facebook/QQ/52@QQ.png\" />",
			"data": "::(52@QQ)",
			"text": "52@QQ"
		}, {
			"icon": "<img class=\"biaoqing\" src=\"http://www.cctv3.net/Facebook/QQ/53@QQ.png\" />",
			"data": "::(53@QQ)",
			"text": "53@QQ"
		}, {
			"icon": "<img class=\"biaoqing\" src=\"http://www.cctv3.net/Facebook/QQ/54@QQ.png\" />",
			"data": "::(54@QQ)",
			"text": "54@QQ"
		}, {
			"icon": "<img class=\"biaoqing\" src=\"http://www.cctv3.net/Facebook/QQ/55@QQ.png\" />",
			"data": "::(55@QQ)",
			"text": "55@QQ"
		}, {
			"icon": "<img class=\"biaoqing\" src=\"http://www.cctv3.net/Facebook/QQ/56@QQ.png\" />",
			"data": "::(56@QQ)",
			"text": "56@QQ"
		}, {
			"icon": "<img class=\"biaoqing\" src=\"http://www.cctv3.net/Facebook/QQ/57@QQ.png\" />",
			"data": "::(57@QQ)",
			"text": "57@QQ"
		}, {
			"icon": "<img class=\"biaoqing\" src=\"http://www.cctv3.net/Facebook/QQ/58@QQ.png\" />",
			"data": "::(58@QQ)",
			"text": "58@QQ"
		}, {
			"icon": "<img class=\"biaoqing\" src=\"http://www.cctv3.net/Facebook/QQ/59@QQ.png\" />",
			"data": "::(59@QQ)",
			"text": "59@QQ"
		}, {
			"icon": "<img class=\"biaoqing\" src=\"http://www.cctv3.net/Facebook/QQ/60@QQ.png\" />",
			"data": "::(60@QQ)",
			"text": "60@QQ"
		}, {
			"icon": "<img class=\"biaoqing\" src=\"http://www.cctv3.net/Facebook/QQ/61@QQ.png\" />",
			"data": "::(61@QQ)",
			"text": "61@QQ"
		}, {
			"icon": "<img class=\"biaoqing\" src=\"http://www.cctv3.net/Facebook/QQ/62@QQ.png\" />",
			"data": "::(62@QQ)",
			"text": "62@QQ"
		}, {
			"icon": "<img class=\"biaoqing\" src=\"http://www.cctv3.net/Facebook/QQ/63@QQ.png\" />",
			"data": "::(63@QQ)",
			"text": "63@QQ"
		}, {
			"icon": "<img class=\"biaoqing\" src=\"http://www.cctv3.net/Facebook/QQ/64@QQ.png\" />",
			"data": "::(64@QQ)",
			"text": "64@QQ"
		}, {
			"icon": "<img class=\"biaoqing\" src=\"http://www.cctv3.net/Facebook/QQ/65@QQ.png\" />",
			"data": "::(65@QQ)",
			"text": "65@QQ"
		}, {
			"icon": "<img class=\"biaoqing\" src=\"http://www.cctv3.net/Facebook/QQ/66@QQ.png\" />",
			"data": "::(66@QQ)",
			"text": "66@QQ"
		}, {
			"icon": "<img class=\"biaoqing\" src=\"http://www.cctv3.net/Facebook/QQ/67@QQ.png\" />",
			"data": "::(67@QQ)",
			"text": "67@QQ"
		}, {
			"icon": "<img class=\"biaoqing\" src=\"http://www.cctv3.net/Facebook/QQ/68@QQ.png\" />",
			"data": "::(68@QQ)",
			"text": "68@QQ"
		}, {
			"icon": "<img class=\"biaoqing\" src=\"http://www.cctv3.net/Facebook/QQ/69@QQ.png\" />",
			"data": "::(69@QQ)",
			"text": "69@QQ"
		}, {
			"icon": "<img class=\"biaoqing\" src=\"http://www.cctv3.net/Facebook/QQ/70@QQ.png\" />",
			"data": "::(70@QQ)",
			"text": "70@QQ"
		}, {
			"icon": "<img class=\"biaoqing\" src=\"http://www.cctv3.net/Facebook/QQ/71@QQ.png\" />",
			"data": "::(71@QQ)",
			"text": "71@QQ"
		}, {
			"icon": "<img class=\"biaoqing\" src=\"http://www.cctv3.net/Facebook/QQ/72@QQ.png\" />",
			"data": "::(72@QQ)",
			"text": "72@QQ"
		}, {
			"icon": "<img class=\"biaoqing\" src=\"http://www.cctv3.net/Facebook/QQ/73@QQ.png\" />",
			"data": "::(73@QQ)",
			"text": "73@QQ"
		}, {
			"icon": "<img class=\"biaoqing\" src=\"http://www.cctv3.net/Facebook/QQ/74@QQ.png\" />",
			"data": "::(74@QQ)",
			"text": "74@QQ"
		}, {
			"icon": "<img class=\"biaoqing\" src=\"http://www.cctv3.net/Facebook/QQ/75@QQ.png\" />",
			"data": "::(75@QQ)",
			"text": "75@QQ"
		}, {
			"icon": "<img class=\"biaoqing\" src=\"http://www.cctv3.net/Facebook/QQ/76@QQ.png\" />",
			"data": "::(76@QQ)",
			"text": "76@QQ"
		}, {
			"icon": "<img class=\"biaoqing\" src=\"http://www.cctv3.net/Facebook/QQ/77@QQ.png\" />",
			"data": "::(77@QQ)",
			"text": "77@QQ"
		}, {
			"icon": "<img class=\"biaoqing\" src=\"http://www.cctv3.net/Facebook/QQ/78@QQ.png\" />",
			"data": "::(78@QQ)",
			"text": "78@QQ"
		}, {
			"icon": "<img class=\"biaoqing\" src=\"http://www.cctv3.net/Facebook/QQ/79@QQ.png\" />",
			"data": "::(79@QQ)",
			"text": "79@QQ"
		}, {
			"icon": "<img class=\"biaoqing\" src=\"http://www.cctv3.net/Facebook/QQ/80@QQ.png\" />",
			"data": "::(80@QQ)",
			"text": "80@QQ"
		}, {
			"icon": "<img class=\"biaoqing\" src=\"http://www.cctv3.net/Facebook/QQ/81@QQ.png\" />",
			"data": "::(81@QQ)",
			"text": "81@QQ"
		}, {
			"icon": "<img class=\"biaoqing\" src=\"http://www.cctv3.net/Facebook/QQ/82@QQ.png\" />",
			"data": "::(82@QQ)",
			"text": "82@QQ"
		}, {
			"icon": "<img class=\"biaoqing\" src=\"http://www.cctv3.net/Facebook/QQ/83@QQ.png\" />",
			"data": "::(83@QQ)",
			"text": "83@QQ"
		}, {
			"icon": "<img class=\"biaoqing\" src=\"http://www.cctv3.net/Facebook/QQ/84@QQ.png\" />",
			"data": "::(84@QQ)",
			"text": "84@QQ"
		}, {
			"icon": "<img class=\"biaoqing\" src=\"http://www.cctv3.net/Facebook/QQ/85@QQ.png\" />",
			"data": "::(85@QQ)",
			"text": "85@QQ"
		}, {
			"icon": "<img class=\"biaoqing\" src=\"http://www.cctv3.net/Facebook/QQ/86@QQ.png\" />",
			"data": "::(86@QQ)",
			"text": "86@QQ"
		}, {
			"icon": "<img class=\"biaoqing\" src=\"http://www.cctv3.net/Facebook/QQ/87@QQ.png\" />",
			"data": "::(87@QQ)",
			"text": "87@QQ"
		}, {
			"icon": "<img class=\"biaoqing\" src=\"http://www.cctv3.net/Facebook/QQ/88@QQ.png\" />",
			"data": "::(88@QQ)",
			"text": "88@QQ"
		}, {
			"icon": "<img class=\"biaoqing\" src=\"http://www.cctv3.net/Facebook/QQ/89@QQ.png\" />",
			"data": "::(89@QQ)",
			"text": "89@QQ"
		}, {
			"icon": "<img class=\"biaoqing\" src=\"http://www.cctv3.net/Facebook/QQ/90@QQ.png\" />",
			"data": "::(90@QQ)",
			"text": "90@QQ"
		}, {
			"icon": "<img class=\"biaoqing\" src=\"http://www.cctv3.net/Facebook/QQ/91@QQ.png\" />",
			"data": "::(91@QQ)",
			"text": "91@QQ"
		}, {
			"icon": "<img class=\"biaoqing\" src=\"http://www.cctv3.net/Facebook/QQ/92@QQ.png\" />",
			"data": "::(92@QQ)",
			"text": "92@QQ"
		}, {
			"icon": "<img class=\"biaoqing\" src=\"http://www.cctv3.net/Facebook/QQ/93@QQ.png\" />",
			"data": "::(93@QQ)",
			"text": "93@QQ"
		}, {
			"icon": "<img class=\"biaoqing\" src=\"http://www.cctv3.net/Facebook/QQ/94@QQ.png\" />",
			"data": "::(94@QQ)",
			"text": "94@QQ"
		}, {
			"icon": "<img class=\"biaoqing\" src=\"http://www.cctv3.net/Facebook/QQ/95@QQ.png\" />",
			"data": "::(95@QQ)",
			"text": "95@QQ"
		}, {
			"icon": "<img class=\"biaoqing\" src=\"http://www.cctv3.net/Facebook/QQ/96@QQ.png\" />",
			"data": "::(96@QQ)",
			"text": "96@QQ"
		}, {
			"icon": "<img class=\"biaoqing\" src=\"http://www.cctv3.net/Facebook/QQ/97@QQ.png\" />",
			"data": "::(97@QQ)",
			"text": "97@QQ"
		}, {
			"icon": "<img class=\"biaoqing\" src=\"http://www.cctv3.net/Facebook/QQ/98@QQ.png\" />",
			"data": "::(98@QQ)",
			"text": "98@QQ"
		}, {
			"icon": "<img class=\"biaoqing\" src=\"http://www.cctv3.net/Facebook/QQ/99@QQ.png\" />",
			"data": "::(99@QQ)",
			"text": "99@QQ"
		}, {
			"icon": "<img class=\"biaoqing\" src=\"http://www.cctv3.net/Facebook/QQ/100@QQ.png\" />",
			"data": "::(100@QQ)",
			"text": "100@QQ"
		}, {
			"icon": "<img class=\"biaoqing\" src=\"http://www.cctv3.net/Facebook/QQ/101@QQ.png\" />",
			"data": "::(101@QQ)",
			"text": "101@QQ"
		}, {
			"icon": "<img class=\"biaoqing\" src=\"http://www.cctv3.net/Facebook/QQ/102@QQ.png\" />",
			"data": "::(102@QQ)",
			"text": "102@QQ"
		}, {
			"icon": "<img class=\"biaoqing\" src=\"http://www.cctv3.net/Facebook/QQ/103@QQ.png\" />",
			"data": "::(103@QQ)",
			"text": "103@QQ"
		}, {
			"icon": "<img class=\"biaoqing\" src=\"http://www.cctv3.net/Facebook/QQ/104@QQ.png\" />",
			"data": "::(104@QQ)",
			"text": "104@QQ"
		}, {
			"icon": "<img class=\"biaoqing\" src=\"http://www.cctv3.net/Facebook/QQ/105@QQ.png\" />",
			"data": "::(105@QQ)",
			"text": "105@QQ"
		}, {
			"icon": "<img class=\"biaoqing\" src=\"http://www.cctv3.net/Facebook/QQ/106@QQ.png\" />",
			"data": "::(106@QQ)",
			"text": "106@QQ"
		}, {
			"icon": "<img class=\"biaoqing\" src=\"http://www.cctv3.net/Facebook/QQ/107@QQ.png\" />",
			"data": "::(107@QQ)",
			"text": "107@QQ"
		}, {
			"icon": "<img class=\"biaoqing\" src=\"http://www.cctv3.net/Facebook/QQ/108@QQ.png\" />",
			"data": "::(108@QQ)",
			"text": "108@QQ"
		}, {
			"icon": "<img class=\"biaoqing\" src=\"http://www.cctv3.net/Facebook/QQ/109@QQ.png\" />",
			"data": "::(109@QQ)",
			"text": "109@QQ"
		}, {
			"icon": "<img class=\"biaoqing\" src=\"http://www.cctv3.net/Facebook/QQ/110@QQ.png\" />",
			"data": "::(110@QQ)",
			"text": "110@QQ"
		}, {
			"icon": "<img class=\"biaoqing\" src=\"http://www.cctv3.net/Facebook/QQ/111@QQ.png\" />",
			"data": "::(111@QQ)",
			"text": "111@QQ"
		}, {
			"icon": "<img class=\"biaoqing\" src=\"http://www.cctv3.net/Facebook/QQ/112@QQ.png\" />",
			"data": "::(112@QQ)",
			"text": "112@QQ"
		}, {
			"icon": "<img class=\"biaoqing\" src=\"http://www.cctv3.net/Facebook/QQ/113@QQ.png\" />",
			"data": "::(113@QQ)",
			"text": "113@QQ"
		}, {
			"icon": "<img class=\"biaoqing\" src=\"http://www.cctv3.net/Facebook/QQ/114@QQ.png\" />",
			"data": "::(114@QQ)",
			"text": "114@QQ"
		}, {
			"icon": "<img class=\"biaoqing\" src=\"http://www.cctv3.net/Facebook/QQ/115@QQ.png\" />",
			"data": "::(115@QQ)",
			"text": "115@QQ"
		}, {
			"icon": "<img class=\"biaoqing\" src=\"http://www.cctv3.net/Facebook/QQ/116@QQ.png\" />",
			"data": "::(116@QQ)",
			"text": "116@QQ"
		}, {
			"icon": "<img class=\"biaoqing\" src=\"http://www.cctv3.net/Facebook/QQ/117@QQ.png\" />",
			"data": "::(117@QQ)",
			"text": "117@QQ"
		}, {
			"icon": "<img class=\"biaoqing\" src=\"http://www.cctv3.net/Facebook/QQ/118@QQ.png\" />",
			"data": "::(118@QQ)",
			"text": "118@QQ"
		}, {
			"icon": "<img class=\"biaoqing\" src=\"http://www.cctv3.net/Facebook/QQ/119@QQ.png\" />",
			"data": "::(119@QQ)",
			"text": "119@QQ"
		}, {
			"icon": "<img class=\"biaoqing\" src=\"http://www.cctv3.net/Facebook/QQ/120@QQ.png\" />",
			"data": "::(120@QQ)",
			"text": "120@QQ"
		}]
	}
}